{
    "name": "quic_3",
    "flow_rate_mbps": [
        1.2518193835664093,
        1.1671553181468,
        1.4676953139252513,
        1.5325599940807486,
        1.4409068206987907,
        1.388625842391194,
        1.3867116395788652,
        1.2832405893177918,
        1.1106874738553012,
        1.1938038715517065,
        1.2826680938565111,
        1.65062467943445,
        1.2263843474741452,
        1.0408915359036464,
        1.0313637617672986,
        1.007304110805886,
        0.8948546995011483,
        1.3745506171143322,
        1.2948824704542485,
        1.2447180677981635,
        1.2994003719259282,
        1.1743172413793106,
        1.3180827390310403,
        1.242162962962963,
        1.0539588769096968,
        1.2378774749876895,
        1.0984200241431517,
        1.082653054424534,
        1.0432774193548386,
        1.3215076923076923,
        1.223474662773979,
        1.46149391044204,
        1.4041666666666668,
        1.5234294352661697,
        1.4017075886938537,
        1.0861102315271853,
        1.531110546747451,
        1.1234310844733308,
        1.405247105840095,
        1.4521436208740037,
        1.3440407671133154,
        1.038758360487052,
        1.0700253808833635,
        0.9592445933597321,
        0.939738436073267,
        1.299572810933671,
        1.301117149411553,
        1.383842255073787,
        1.1879965975853406,
        1.2212544183659455,
        1.2635596712281234,
        1.3022782425745394,
        1.0938556942987885,
        1.149451851418458,
        1.1274210191439769,
        1.0685728330329347,
        1.0057681954520983,
        1.336724305450717,
        1.2029336401561408,
        1.4805333333333333,
        1.437538733603597,
        1.4719906742723916,
        1.4264659692188746,
        1.3205591233020948,
        1.205747435177401,
        1.1062946208867885
    ],
    "time_stamp_us": [
        1581776,
        1869236,
        2143119,
        2389786,
        2633060,
        2863315,
        3109786,
        3356453,
        3629786,
        3942947,
        4234613,
        4483120,
        4689786,
        4971453,
        5288120,
        5585342,
        5914061,
        6229786,
        6491812,
        6759617,
        7021453,
        7289786,
        7579786,
        7843120,
        8113120,
        8417815,
        8679786,
        8979664,
        9279786,
        9589786,
        9849786,
        10123119,
        10363120,
        10603120,
        10834645,
        11079786,
        11509282,
        11729786,
        12038120,
        12285342,
        12517286,
        12781028,
        13107564,
        13401486,
        13729786,
        14059648,
        14329786,
        14590897,
        14823120,
        15126434,
        15403120,
        15679786,
        15943103,
        16239654,
        16513120,
        16816453,
        17109397,
        17421453,
        17679786,
        17963120,
        18203120,
        18456453,
        18689786,
        18938120,
        19196453,
        19483120,
        19779786
    ]
}