{
    "name": "quic_14",
    "flow_rate_mbps": [
        0.17194437473756394,
        0.15745803177460282,
        0.17691866490908542,
        0.19171,
        0.17565999999999998,
        0.20071999999999998,
        0.17701,
        0.19123817772253146,
        0.20440292202951846,
        0.17429953416955069,
        0.17645,
        0.18672,
        0.17597723784354924,
        0.17497052890317358,
        0.17672511731291676,
        0.15457916312015108,
        0.16439827421536013,
        0.18069797386904163,
        0.18647162693635122,
        0.1890622632934404,
        0.1605811125905644,
        0.16831519817731863
    ],
    "time_stamp_us": [
        1780707,
        2585665,
        3385675,
        4180707,
        4980707,
        5780707,
        6580707,
        7380707,
        8147374,
        8952294,
        9780707,
        10580707,
        11380707,
        12200313,
        13037574,
        13847374,
        14665078,
        15480707,
        16310910,
        17108286,
        17920209,
        18720054,
        19483764
    ]
}