{
    "name": "quic_10",
    "flow_rate_mbps": [
        4.778881338212233,
        3.3873212285887386,
        6.666836834080054,
        5.3072095720140835,
        0.29392360065072004,
        0.5685715828364714,
        0.4190180492475972,
        0.44008520613438346,
        0.42596384888716504,
        0.42699624155502774,
        0.7632258234176278,
        2.9507875672769193,
        5.387804714991583,
        6.969663627790004,
        9.177067093772063,
        11.433661414835687,
        12.241993689957106,
        14.342235251596323,
        17.335279975521267,
        18.336558444786956,
        19.839686257421427,
        20.479368595956796,
        20.744714138840465,
        5.578633464661196,
        4.533885338853388,
        4.674578584132168,
        4.574152903115954,
        4.37541353130502,
        4.720146880587522,
        4.571065327203587,
        4.510352342898656,
        4.240021840021839,
        4.0032043173960705,
        4.030230523553035,
        3.8953814644137226,
        3.9486399999999997,
        3.630186336572197,
        3.6595071135405735,
        3.9304297947310194,
        3.8132849539426865,
        3.8676284257679607,
        3.90888603015853,
        3.7647861304533183,
        3.743684999950334,
        3.5268561333297277,
        2.865295920492754,
        2.838443777592263,
        3.112743547955535,
        2.923038680275696,
        2.1105701063707833,
        0.934010152284264,
        0.6665615478909274,
        0.8024503186285182,
        0.9375805646200834,
        0.9202514189493242,
        0.9439951337897474,
        1.1310432788076812,
        0.9904016343909225,
        0.9435104797118582
    ],
    "time_stamp_us": [
        1484903,
        1569075,
        1678013,
        1826886,
        2065749,
        2596853,
        3245088,
        5097686,
        7018205,
        8843543,
        10578303,
        12023317,
        12605426,
        12934504,
        13188984,
        13400017,
        13558311,
        13699356,
        13823861,
        13938246,
        14038811,
        14130606,
        14159494,
        14181865,
        14227806,
        14294472,
        14383873,
        14471968,
        14561139,
        14644472,
        14732567,
        14820663,
        14912238,
        15007110,
        15101981,
        15199631,
        15299631,
        15405944,
        15514610,
        15612238,
        15712005,
        15812238,
        15915625,
        16021180,
        16121853,
        16232796,
        16367224,
        16500187,
        16623520,
        16756275,
        16922016,
        17214758,
        17607964,
        17952409,
        18296853,
        18641298,
        18963520,
        19255187,
        19581180,
        19905187
    ]
}