{
    "name": "quic_28",
    "flow_rate_mbps": [
        4.771342150524879,
        3.3914929598176538,
        6.702186255955101,
        5.3982852414570175,
        0.3024180592005677,
        0.5613994926788544,
        0.4311852838920828,
        0.39158462327856847,
        0.4373528363502545,
        0.42703399623075455,
        0.5918870987885599,
        2.463411318189543,
        4.538546910093152,
        6.979225501069024,
        9.208624402030418,
        10.517265275885965,
        13.086497376519295,
        14.768763303449205,
        15.601044915646652,
        16.612815039508668,
        19.15870681755216,
        21.351277506181482,
        21.543749772421073,
        22.1831354397263,
        6.846609873960046,
        4.639784159799763,
        4.57698556484133,
        4.612796469939327,
        4.455465167192865,
        4.09292641731907,
        4.085308255840803,
        3.887495137056158,
        3.9357183552386,
        3.8435863746004357,
        3.504555871298927,
        3.8883500795282613,
        3.9611748286970485,
        3.7269558074898996,
        3.874377663599793,
        3.9374993884958958,
        3.6974932674395036,
        3.702504427017455,
        3.2400832304006504,
        2.7902702221958706,
        2.9720922224483086,
        3.082676467269533,
        2.7327568674479115,
        1.92036738157435,
        0.5895342778453218,
        0.7575494452484323,
        0.8893131360370548,
        0.9133053325220023,
        0.9100419363661227,
        1.0176130860566057,
        1.0946542422756251,
        0.9281769281769282
    ],
    "time_stamp_us": [
        1485804,
        1570109,
        1678913,
        1832143,
        2059347,
        2597754,
        3191855,
        5046204,
        6938597,
        8664142,
        10458135,
        12059535,
        12765655,
        13145893,
        13408282,
        13613560,
        13780948,
        13916455,
        14042832,
        14157291,
        14264103,
        14357949,
        14446520,
        14473983,
        14493859,
        14534005,
        14595532,
        14681087,
        14768111,
        14854897,
        14949036,
        15044314,
        15139421,
        15241223,
        15343209,
        15452299,
        15555407,
        15650706,
        15755407,
        15855835,
        15958042,
        16061643,
        16164421,
        16285050,
        16419976,
        16547754,
        16671828,
        16814421,
        16994724,
        17397754,
        17770894,
        18083081,
        18419976,
        18770984,
        19077631,
        19397754,
        19731087
    ]
}