{
    "name": "quic_22",
    "flow_rate_mbps": [
        4.770889423932252,
        3.4429003678002648,
        6.055123718683225,
        2.2341903798034233,
        0.40846240062254274,
        0.4433923746756593,
        0.4370911972847319,
        0.44316175116924633,
        0.4249882351115267,
        0.4481224318449788,
        1.9632763539710794,
        4.2522371351472374,
        6.202237513091311,
        8.39537553530513,
        9.671903560167213,
        11.913914873226524,
        14.30774902751548,
        15.334626644562801,
        16.09315497261244,
        18.836702825376335,
        20.826594062466558,
        21.420520792848816,
        14.146799684596662,
        4.613685596567982,
        4.577099272973905,
        4.586684828877916,
        4.416999636759899,
        4.717829059430199,
        4.570455234850783,
        4.509222997899994,
        4.3440383905500175,
        4.001595934566684,
        4.085339629801409,
        3.837091446275057,
        3.9747199999999996,
        3.7087862922417894,
        3.4916160567443657,
        3.9567073537369972,
        3.9339294685019595,
        3.7718210918572863,
        3.90092436545631,
        3.7899153253489968,
        3.7750491350288975,
        3.578380617104991,
        3.0403136985338346,
        2.716900815147104,
        3.0698028913591657,
        2.979415400443786,
        2.3923556160980786,
        1.1536208669980135,
        0.6358802070420612,
        0.7881929445644349,
        0.9249190826081167,
        0.9411083745980848,
        0.9229754402497202,
        1.0820596161362657,
        1.0199989263169198,
        0.9558857142857144
    ],
    "time_stamp_us": [
        1485363,
        1569676,
        1680062,
        1938390,
        2260504,
        2777095,
        4121746,
        5961417,
        7759370,
        9563467,
        11654949,
        12393111,
        12817426,
        13123927,
        13333854,
        13514941,
        13658938,
        13791845,
        13905249,
        14012597,
        14108655,
        14192764,
        14213348,
        14242517,
        14289603,
        14373644,
        14461739,
        14549835,
        14635549,
        14721263,
        14809358,
        14898755,
        14993997,
        15088865,
        15186343,
        15286343,
        15391393,
        15500232,
        15600018,
        15699548,
        15802327,
        15900232,
        16005104,
        16107882,
        16214120,
        16342141,
        16477454,
        16600787,
        16731030,
        16880787,
        17135505,
        17530787,
        17891927,
        18237341,
        18582874,
        18922454,
        19214120,
        19530787,
        19880787
    ]
}