{
    "name": "quic_20",
    "flow_rate_mbps": [
        0.16977574840728257,
        0.16263339653217285,
        0.17354046248007018,
        0.19171,
        0.17696659974447895,
        0.2047330764997248,
        0.17773325925172356,
        0.19434820091883462,
        0.1945234854532028,
        0.18015676541931944,
        0.17639399490661714,
        0.18066801864373147,
        0.17053075406295085,
        0.17295,
        0.19223782159003308,
        0.15238130625818616,
        0.16537285463127618,
        0.1774648172932636,
        0.17965447186178873,
        0.1896936453814769,
        0.1650748193503024,
        0.16278726511490604
    ],
    "time_stamp_us": [
        1781007,
        2575561,
        3352474,
        4181007,
        4981007,
        5775462,
        6585844,
        7352566,
        8149445,
        8952474,
        9754309,
        10554563,
        11381007,
        12114341,
        12914341,
        13736739,
        14597947,
        15391983,
        16181007,
        17014340,
        17790075,
        18647674,
        19481007
    ]
}