{
    "name": "quic_0",
    "flow_rate_mbps": [
        1.2771938039477626,
        1.1355697092122645,
        1.4732386803329176,
        1.5242172774645848,
        1.4689741766105593,
        1.3703716990533132,
        1.3851269526899228,
        1.2995764705882353,
        1.0993333333333335,
        1.1430109480455688,
        1.3291741353756856,
        1.6248229143112922,
        1.2585992657441403,
        1.0371696722759192,
        1.0402035756915935,
        0.9671817581118208,
        0.984553910527655,
        1.3167105591662842,
        1.3175954288407161,
        1.2249234363653585,
        1.284770909090909,
        1.1602586520197762,
        1.3780068999818422,
        1.2108857142857141,
        1.0391103125516892,
        1.2649484188144766,
        1.0850863833619913,
        1.0854263171290404,
        1.03576,
        1.3476072727272725,
        1.1962389700564153,
        1.5436696933356178,
        1.3648666666666667,
        1.5187,
        1.4230123987005248,
        1.279457015866584,
        1.1089669238973137,
        1.199662152806624,
        1.2859126845580304,
        1.612,
        1.287699448386778,
        0.9972173443198703,
        1.0239125261609991,
        0.9881050931856884,
        0.9819213951466488,
        1.3179169811320754,
        1.2418484476894405,
        1.3324666666666665,
        1.2523564008288393,
        1.1742748840590964,
        1.377508874204999,
        1.223144511479127,
        1.0198428789482183,
        1.287073810415886,
        1.0651579936640712,
        1.0895157989810749,
        1.0435696355251123,
        1.3877759021562568,
        1.1883066644492808,
        1.4918299335611642,
        1.4041666666666668,
        1.5113442533021335,
        1.3889386696561443,
        1.3769169201216587,
        1.1425645342312007,
        1.1006933333333333
    ],
    "time_stamp_us": [
        1557684,
        1848127,
        2119906,
        2373182,
        2607684,
        2835462,
        3086337,
        3333240,
        3588240,
        3888240,
        4185462,
        4443204,
        4659907,
        4943187,
        5271573,
        5576521,
        5921573,
        6239906,
        6488240,
        6759856,
        7013240,
        7288240,
        7579906,
        7833240,
        8113240,
        8421573,
        8688240,
        8993565,
        9288240,
        9588240,
        9863240,
        10139760,
        10373240,
        10613240,
        10853240,
        11106573,
        11501428,
        11779907,
        12068795,
        12326573,
        12546573,
        12830105,
        13163240,
        13491018,
        13808717,
        14121573,
        14386573,
        14653240,
        14893240,
        15179906,
        15463240,
        15721573,
        15993240,
        16296573,
        16550128,
        16871470,
        17154906,
        17463240,
        17714416,
        17991018,
        18226573,
        18466573,
        18699907,
        18953240,
        19203120,
        19488240,
        19788240
    ]
}