{
    "name": "quic_9",
    "flow_rate_mbps": [
        1.248413389638194,
        1.1697337323567503,
        1.4677012640574703,
        1.5072,
        1.443812109504168,
        1.4055803333086923,
        1.4150058898478257,
        1.2739227016829704,
        1.0958055744168578,
        1.1888921287799523,
        1.2714796544046736,
        1.6794085508116674,
        1.228677467197468,
        1.0379862758039204,
        1.0469433462147448,
        0.9672305631033921,
        0.9478716620787261,
        1.3561808924105931,
        1.2862562536841946,
        1.2516139589429105,
        1.2947993019197208,
        1.139846310888614,
        1.370495445276425,
        1.242162962962963,
        1.0542529792193298,
        1.2374759593369355,
        1.12336676854878,
        1.0540292475991866,
        1.0241573770491803,
        1.3215384615384616,
        1.2413670777973032,
        1.5176311503891287,
        1.3845452117277228,
        1.5113507305010436,
        1.3889386696561443,
        1.0855902002504223,
        1.516780583821657,
        1.1830370390353124,
        1.2962730733289913,
        1.6169917178733637,
        1.2292137931034481,
        1.014415774299185,
        1.0445220996704134,
        0.9846664510735924,
        0.9862967238669196,
        1.283973819170121,
        1.251952746283837,
        1.3324666666666665,
        1.2779170056956874,
        1.1536138212213565,
        1.3882684432542112,
        1.2000307317447947,
        1.0391103125516892,
        1.2630160954423342,
        1.0926696701252614,
        1.102766414754212,
        1.0354994082879465,
        1.3157869704719154,
        1.1760000000000002,
        1.5758012119965372,
        1.3808333333333334,
        1.514779306827581,
        1.4167115990383798,
        1.3146980392156862,
        1.180886095160112,
        1.1006933333333333
    ],
    "time_stamp_us": [
        1581893,
        1870086,
        2143420,
        2390086,
        2630086,
        2859922,
        3103420,
        3353002,
        3621753,
        3926610,
        4218115,
        4470086,
        4673248,
        4955086,
        5271753,
        5585642,
        5905086,
        6226581,
        6492109,
        6756753,
        7013420,
        7299920,
        7596753,
        7843420,
        8113420,
        8418030,
        8680086,
        8963420,
        9271753,
        9576753,
        9836753,
        10141198,
        10380065,
        10623420,
        10856753,
        11110086,
        11566914,
        11788420,
        12084972,
        12332173,
        12556753,
        12846753,
        13163420,
        13485642,
        13813420,
        14120062,
        14396753,
        14670086,
        14910086,
        15186611,
        15479957,
        15723420,
        15996753,
        16305086,
        16563420,
        16866626,
        17155086,
        17456753,
        17730086,
        18030086,
        18263420,
        18503420,
        18736753,
        18983420,
        19238420,
        19521753,
        19821753
    ]
}