{
    "name": "quic_5",
    "flow_rate_mbps": [
        0.1674827960259405,
        0.15746334609610455,
        0.17799744253716085,
        0.19678256891964152,
        0.17742681638600474,
        0.19846757302804272,
        0.1714349063227523,
        0.19632999999999998,
        0.19561060487878684,
        0.17950330755835778,
        0.17697771350270258,
        0.18508,
        0.181668203696609,
        0.17297144629568453,
        0.18217110409363502,
        0.1524547642113816,
        0.16414061552730824,
        0.18342692977335473,
        0.17893342491291764,
        0.18744918323601154,
        0.16780108768362692,
        0.16125
    ],
    "time_stamp_us": [
        1806094,
        2618261,
        3418244,
        4229986,
        5006071,
        5814517,
        6651490,
        7463320,
        8263320,
        9029986,
        9826495,
        10629986,
        11429986,
        12231315,
        13024417,
        13818308,
        14618283,
        15418280,
        16202854,
        17018174,
        17802856,
        18596653,
        19396653
    ]
}