{
    "name": "quic_17",
    "flow_rate_mbps": [
        0.17075742663747567,
        0.15452878216333915,
        0.1806394608145317,
        0.19171,
        0.17565999999999998,
        0.20071999999999998,
        0.17701,
        0.20042585449022943,
        0.18676642730330012,
        0.17972999999999997,
        0.17672999999999997,
        0.18716,
        0.17603999999999997,
        0.17931552230393502,
        0.18007376280247242,
        0.15227938305962158,
        0.16426031201492733,
        0.17801265758987392,
        0.1824288729715492,
        0.18625507100317315,
        0.16644035266444593,
        0.16519208509364172
    ],
    "time_stamp_us": [
        1806830,
        2603422,
        3418597,
        4197253,
        4997253,
        5797253,
        6597253,
        7397253,
        8170287,
        8963920,
        9763920,
        10563920,
        11363920,
        12163920,
        13019083,
        13797253,
        14593894,
        15397253,
        16230587,
        17063920,
        17885503,
        18663920,
        19485509
    ]
}