{
    "name": "quic_15",
    "flow_rate_mbps": [
        1.2517279402812709,
        1.1549694252546647,
        1.4676953139252513,
        1.5176688345871046,
        1.4406753632692364,
        1.412201108028812,
        1.3867172613980037,
        1.2921962264150944,
        1.1128301492144566,
        1.1343910083813153,
        1.3510114749739204,
        1.5745575733813333,
        1.2443754625737422,
        1.0453415384615383,
        1.0429565211253191,
        0.9743552017891036,
        0.9612887652297645,
        1.2978609707314839,
        1.2832864500946755,
        1.2956990924118141,
        1.285719553657691,
        1.2215874082787208,
        1.2647291741248197,
        1.259893149260082,
        1.021331558449261,
        1.2597527272727271,
        1.110908005544557,
        1.0706276586280408,
        1.035009143190311,
        1.322373720798401,
        1.2314571428571428,
        1.4906043635227264,
        1.3911544157501419,
        1.4904236796285546,
        1.4123796921104326,
        0.8838928253765204,
        2.307992858903228,
        1.11784,
        1.4249675982007473,
        1.4129464576149893,
        1.346524421750099,
        1.072323751798451,
        1.0416941413485403,
        0.9699890809881259,
        0.9631579456084336,
        1.27525032532268,
        1.2740372363838546,
        1.3934072937368454,
        1.1674857142857142,
        1.2368078641769022,
        1.2192307551594574,
        1.3687449919290218,
        1.094792718134781,
        1.146631901604622,
        1.128550685019047,
        1.0685309189322802,
        1.007408603669984,
        1.3051307681407525,
        1.1961854207401865,
        1.483615873473243,
        1.392781180534455,
        1.49998319997312,
        1.4710232171877922,
        1.349823868379793,
        1.1879705445952629,
        1.154759163509242
    ],
    "time_stamp_us": [
        1582358,
        1869839,
        2137053,
        2383720,
        2619276,
        2860213,
        3110387,
        3357053,
        3622053,
        3918472,
        4208164,
        4452609,
        4677053,
        4955387,
        5280387,
        5563720,
        5903555,
        6218399,
        6480387,
        6737053,
        6993557,
        7264739,
        7550387,
        7826930,
        8101893,
        8405387,
        8680387,
        8976894,
        9280387,
        9582251,
        9850387,
        10130387,
        10373585,
        10607894,
        10837053,
        11080387,
        11580692,
        11747053,
        12047053,
        12283151,
        12513716,
        12776924,
        13103594,
        13405387,
        13741498,
        14051877,
        14326220,
        14585214,
        14823720,
        15103720,
        15390387,
        15663720,
        15922053,
        16205387,
        16491498,
        16773169,
        17088720,
        17385942,
        17647053,
        17930387,
        18180263,
        18430387,
        18638720,
        18890387,
        19135942,
        19427094,
        19713720
    ]
}