{
    "name": "quic_26",
    "flow_rate_mbps": [
        0.16929420506125253,
        0.15747535384700007,
        0.17373564991368615,
        0.20096466618126876,
        0.17076087062185885,
        0.19992728830188303,
        0.17640717324030905,
        0.19123817772253146,
        0.19568000000000002,
        0.17972999999999997,
        0.17672999999999997,
        0.18716,
        0.17603999999999997,
        0.17349858917751304,
        0.18725900504312343,
        0.1532031280994532,
        0.1668426422511661,
        0.1775893302269104,
        0.18238849820284422,
        0.18611732093936767,
        0.17532357068032023,
        0.15944606705881337
    ],
    "time_stamp_us": [
        1782820,
        2586297,
        3386219,
        4147974,
        4952812,
        5775764,
        6578936,
        7381307,
        8147974,
        8947974,
        9747974,
        10547974,
        11347974,
        12147974,
        12946090,
        13747974,
        14604980,
        15392021,
        16202385,
        17002260,
        17772097,
        18553920,
        19362971
    ]
}