{
    "name": "quic_6",
    "flow_rate_mbps": [
        1.2557123159944847,
        1.1697337323567503,
        1.4726545692823283,
        1.5072,
        1.4334388234162903,
        1.4276547081215198,
        1.3626965298638554,
        1.2563551128251653,
        1.1224,
        1.17410902421674,
        1.3367055771725032,
        1.6240212085268861,
        1.2288462450941184,
        1.0340502879851265,
        1.0461992696047937,
        0.9471521989032181,
        0.9997336587964306,
        1.326764939361367,
        1.2413663818475624,
        1.3412089983662185,
        1.242742857142857,
        1.181590828759495,
        1.3728942363384669,
        1.2659162918960238,
        0.9636632122986052,
        1.262068422414472,
        1.0781066666666668,
        1.1002444189909313,
        1.0714153735667247,
        1.3295463223929447,
        1.1939192378816001,
        1.5506434782608696,
        1.3893840131432165,
        1.5135190697475214,
        1.3664333333333334,
        1.261496515222243,
        1.177866103589616,
        1.1422297823891785,
        1.3635649751605676,
        1.6111637328731796,
        1.2299717759444204,
        1.0044699910600179,
        1.0410958904109588,
        0.9814661964433106,
        0.9775376361536184,
        1.3589204837278797,
        1.2439917523914683,
        1.3299391035240091,
        1.2715824663045094,
        1.1499011352166038,
        1.3792639999999998,
        1.2122566037735847,
        1.0254751099722539,
        1.2697547683923707,
        1.0918788134503754,
        1.0747869566386192,
        1.0435730200789406,
        1.389391113024346,
        1.206669152506259,
        1.509967213387936,
        1.3413993798919521,
        1.514779306827581,
        1.4167115990383798,
        1.3233491096698813,
        1.1849952171483233,
        1.1006933333333333
    ],
    "time_stamp_us": [
        1569096,
        1846873,
        2120207,
        2373540,
        2613540,
        2852741,
        3100207,
        3353540,
        3630207,
        3930207,
        4226820,
        4473540,
        4685153,
        4980207,
        5293244,
        5603487,
        5921873,
        6263540,
        6526821,
        6793540,
        7040207,
        7320207,
        7620101,
        7863540,
        8143489,
        8446873,
        8713540,
        9013540,
        9319981,
        9606824,
        9881799,
        10163540,
        10393540,
        10640055,
        10873540,
        11113540,
        11544127,
        11801759,
        12096873,
        12338827,
        12552089,
        12846873,
        13180207,
        13502429,
        13822277,
        14136536,
        14393540,
        14659799,
        14900207,
        15182589,
        15471873,
        15721873,
        15986873,
        16288540,
        16554248,
        16857615,
        17155207,
        17463540,
        17714424,
        17996019,
        18236056,
        18480207,
        18713540,
        18960207,
        19213540,
        19505207,
        19805207
    ]
}