{
    "name": "quic_29",
    "flow_rate_mbps": [
        0.1707670733804785,
        0.15449087843017018,
        0.18068563838465068,
        0.19270974381194822,
        0.17464410611466316,
        0.19984999999999997,
        0.17416,
        0.19872062494210324,
        0.19576769832977556,
        0.18142717497556207,
        0.17254831534842746,
        0.18508,
        0.17596,
        0.17815296602044958,
        0.18192,
        0.15156,
        0.16502999999999998,
        0.18149591275181265,
        0.18003027225110038,
        0.18882707768976956,
        0.16772840087591498,
        0.16125
    ],
    "time_stamp_us": [
        1807475,
        2604022,
        3419397,
        4197854,
        5010226,
        5831187,
        6631187,
        7431187,
        8219228,
        9019360,
        9807070,
        10631187,
        11431187,
        12231187,
        12997854,
        13797854,
        14597854,
        15397854,
        16194478,
        16997854,
        17803713,
        18597854,
        19397854
    ]
}