{
    "throughput_send_bps": [
        25188723.2,
        35746451.160000004,
        122946202.1,
        117434982.36000001
    ],
    "throughput_sink_bps": [
        24889595.200000003,
        35421030.4,
        121440833.91999999,
        117164697.28
    ],
    "time_stamp_ns": [
        0.0,
        5000000000.0,
        10000000000.0,
        15000000000.0
    ]
}