{
    "name": "quic_19",
    "flow_rate_mbps": [
        4.909536884495698,
        3.3414293126038745,
        8.242083812310586,
        4.625782554743845,
        0.3200368107292449,
        0.5298998157896406,
        0.5991079208997062,
        0.5332507584002221,
        0.513193622320311,
        0.5192248463723338,
        0.5278341026300472,
        0.5715359024044842,
        2.0478129294936736,
        5.077766789535198,
        5.394940207920197,
        5.352528744008035,
        5.310524827071922,
        5.432135165017227,
        5.546141940317636,
        6.0218843299656495,
        7.055257498233655,
        6.918880668013808,
        6.8871806257828565,
        6.861371428101065,
        6.823030038284492,
        6.8692739360762145,
        6.905829305478963,
        6.478416715174166,
        6.504244245915784,
        2.7900590235188556,
        0.7391306907493862,
        0.8333007997261171,
        0.9730682334431987,
        0.8852093149079104,
        0.9877161568224789,
        1.1286933333333335,
        0.9453160315097306,
        0.9928851236910373
    ],
    "time_stamp_us": [
        1466403,
        1548348,
        1662067,
        1815171,
        2029533,
        2620665,
        3093494,
        4215816,
        5772382,
        7302970,
        8939394,
        10416934,
        11897002,
        12671897,
        13027833,
        13360653,
        13676284,
        13987396,
        14283153,
        14587464,
        14854413,
        15112007,
        15366373,
        15605082,
        15848055,
        16090712,
        16345359,
        16591975,
        16853103,
        17104620,
        17347574,
        17687292,
        18020281,
        18348258,
        18703130,
        19022574,
        19322574,
        19654408,
        19980907
    ]
}