{
    "name": "quic_21",
    "flow_rate_mbps": [
        1.2957796628609672,
        1.1631275960067042,
        1.440991607337543,
        1.4613326101435347,
        1.4501803695916786,
        1.4760288327977182,
        1.3711778856738008,
        1.1534991436084239,
        1.1684060804777419,
        1.1418519985002926,
        1.4206610111065336,
        1.5992502343017805,
        1.219423375055925,
        0.9900528700013012,
        1.0565494511738913,
        0.9149954250228749,
        1.061965804922588,
        1.3654461538461538,
        1.2418531046327617,
        1.30472557827847,
        1.2829864060404748,
        1.1599569910491112,
        1.3629508798401404,
        1.2148416339237347,
        0.9931176632525572,
        1.2620731551828879,
        1.090578097819491,
        1.0868497105009647,
        1.0616867309167304,
        1.312102099434426,
        1.2271947232011071,
        1.573423920236467,
        1.3808505939657578,
        1.4876048859128062,
        1.4100666666666668,
        1.0790730871110337,
        1.5081032881976044,
        1.193799778514539,
        1.2924955506816882,
        1.650790079359499,
        1.2263843474741452,
        1.0408948229364692,
        1.0285729111937054,
        0.9860184615384615,
        0.9615603670663625,
        1.3434562266953471,
        1.2786772812584117,
        1.2468504949222263,
        1.2835183956020055,
        1.1648266666666667,
        1.3780123394899206,
        1.2257532820542478,
        1.0266219759068131,
        1.2592948234956034,
        1.0673333333333332,
        1.0968398893258406,
        1.03576,
        1.3650193894799643,
        1.152939043355161,
        1.5903506024255847,
        1.3648666666666667,
        1.514779306827581,
        1.4167115990383798,
        1.3257239095902469,
        1.1634155759423725
    ],
    "time_stamp_us": [
        1985342,
        2288659,
        2563119,
        2836453,
        3087194,
        3313119,
        3556453,
        3806282,
        4096453,
        4379786,
        4665175,
        4903053,
        5116453,
        5404786,
        5742974,
        6059741,
        6393076,
        6696453,
        6956453,
        7223119,
        7479786,
        7756453,
        8042905,
        8288120,
        8579786,
        8863120,
        9129786,
        9426414,
        9726415,
        10026285,
        10296453,
        10579655,
        10806325,
        11046322,
        11276453,
        11516453,
        11987220,
        12204786,
        12496453,
        12743120,
        12956453,
        13238120,
        13554786,
        13863120,
        14188120,
        14516453,
        14776326,
        15047525,
        15296453,
        15563120,
        15863120,
        16116453,
        16393109,
        16694439,
        16979786,
        17279786,
        17571453,
        17871453,
        18142992,
        18429786,
        18656453,
        18896453,
        19129786,
        19376453,
        19637708,
        19938120
    ]
}