{
    "name": "quic_2",
    "flow_rate_mbps": [
        0.1691911775686048,
        0.16332370054557002,
        0.18073134229454987,
        0.1841757461862397,
        0.1805683655558142,
        0.19910584191583955,
        0.1735863637780063,
        0.19953807225306702,
        0.19911597246730553,
        0.17780962903241862,
        0.17242131913221878,
        0.18508,
        0.1783268185392426,
        0.18004107526363392,
        0.17531593748887542,
        0.15098092062917745,
        0.16529286611714644,
        0.18007,
        0.18755897299067348,
        0.18663415597130592,
        0.16349605961372227,
        0.1688954595345295
    ],
    "time_stamp_us": [
        1809852,
        2613440,
        3385110,
        4184927,
        5013440,
        5808175,
        6611165,
        7413440,
        8174598,
        8984980,
        9788716,
        10613440,
        11413440,
        12203181,
        12991490,
        13834220,
        14646773,
        15480106,
        16280106,
        17104636,
        17854338,
        18646773,
        19450347
    ]
}