{
    "name": "quic_23",
    "flow_rate_mbps": [
        0.16498978825339694,
        0.15820155996147883,
        0.18039717998637453,
        0.19082000000000002,
        0.1825978220200469,
        0.1973344624319757,
        0.1731764190596591,
        0.19632999999999998,
        0.19561034973463054,
        0.17911116413491526,
        0.17771668643513538,
        0.18408,
        0.17950927690978072,
        0.17484233960334852,
        0.17686104784184353,
        0.15462752349110717,
        0.1646970978384268,
        0.18007,
        0.18824113678911122,
        0.18225341725157349,
        0.16087587428523561,
        0.16752999999999998
    ],
    "time_stamp_us": [
        1806836,
        2630887,
        3447061,
        4230887,
        5030887,
        5843383,
        6660554,
        7464220,
        8264220,
        9030887,
        9852321,
        10664220,
        11464220,
        12279955,
        13085801,
        13864220,
        14710072,
        15497554,
        16297554,
        17119096,
        17919081,
        18730887,
        19530887
    ]
}