{
    "name": "quic_24",
    "flow_rate_mbps": [
        1.2456272132203026,
        1.1813142857142853,
        1.4683059754752483,
        1.5242107776872793,
        1.4615448176287165,
        1.3748202421408657,
        1.3867116395788652,
        1.3003763295902908,
        1.1120873045037876,
        1.1404703385846864,
        1.3147847053131667,
        1.6236813040332103,
        1.2693254169758994,
        1.026798519004546,
        1.0489005145684296,
        0.9901045227187661,
        0.9362085735297605,
        1.3334912635307334,
        1.300408374489532,
        1.2618442088312372,
        1.2688898668480335,
        1.2009951126559273,
        1.3093124917207575,
        1.2498751555896754,
        1.0530775536973276,
        1.2362628905648758,
        1.13456,
        1.0175790935237528,
        1.0631456909215382,
        1.3378503954868401,
        1.2314571428571428,
        1.4642,
        1.4041666666666668,
        1.5113507305010436,
        1.426900964166106,
        1.2485106537085564,
        1.2130214403816442,
        1.0984048048943256,
        1.3914018452075858,
        1.4196079115055047,
        1.3501561904761905,
        1.0778338461538461,
        1.0556085284139927,
        0.9691815384615384,
        0.9359561587584353,
        1.3065837236322697,
        1.3018487793315954,
        1.320224742674673,
        1.23446784552656,
        1.2163133076563117,
        1.2778025809469142,
        1.2707545832998228,
        1.1191798494642942,
        1.1699475309790492,
        1.0731481450414206,
        1.0808,
        1.0170178768232876,
        1.3299033247583119,
        1.213512823976108,
        1.474394777871057,
        1.4254,
        1.466574313861303,
        1.4798250272634768,
        1.411876760648645,
        1.1036180065781938,
        1.1308
    ],
    "time_stamp_us": [
        1558885,
        1847774,
        2127774,
        2374382,
        2608885,
        2838828,
        3087774,
        3334441,
        3597774,
        3894391,
        4192219,
        4444385,
        4654441,
        4936052,
        5256107,
        5558885,
        5882164,
        6219388,
        6481107,
        6747774,
        7006107,
        7281056,
        7564441,
        7821107,
        8089441,
        8394391,
        8647774,
        8947774,
        9270430,
        9561107,
        9834441,
        10114441,
        10354441,
        10594441,
        10827774,
        11074412,
        11460991,
        11719242,
        12014441,
        12264169,
        12493607,
        12756107,
        13081107,
        13389441,
        13714441,
        14045636,
        14322774,
        14592790,
        14831107,
        15109964,
        15387774,
        15669996,
        15931107,
        16221005,
        16489735,
        16787774,
        17097774,
        17414441,
        17681107,
        17947639,
        18181107,
        18421107,
        18647774,
        18894441,
        19142219,
        19447774,
        19747774
    ]
}