{
    "name": "quic_8",
    "flow_rate_mbps": [
        0.1719480061271571,
        0.1574850007438681,
        0.17371352966192907,
        0.20093695376974194,
        0.16956366906691936,
        0.20071999999999998,
        0.17701,
        0.19123842716384976,
        0.1997387449072253,
        0.1783458371725925,
        0.17809096732863547,
        0.18501831447363856,
        0.17498,
        0.17697175629690318,
        0.18088762664571034,
        0.15688079919821538,
        0.15961776890743598,
        0.18696287483997776,
        0.1749573590429071,
        0.19344735548494188,
        0.1644609776094052,
        0.16638005048226287
    ],
    "time_stamp_us": [
        1780407,
        2585348,
        3385221,
        4147073,
        4952022,
        5780407,
        6580407,
        7380407,
        8147073,
        8970789,
        9780407,
        10573395,
        11380407,
        12180407,
        12976195,
        13780407,
        14553682,
        15380407,
        16153737,
        16980407,
        17747334,
        18580407,
        19356125
    ]
}