{
    "name": "quic_16",
    "flow_rate_mbps": [
        4.7446117636803455,
        3.546876750177351,
        6.218936471507398,
        3.3778931126385183,
        0.355869621035958,
        0.47698892751642785,
        0.4499484594138609,
        0.41961936921980464,
        0.4197864259517231,
        0.4500310700753931,
        1.5252974507060424,
        4.277214114777542,
        6.20445735443025,
        7.943067589446155,
        10.323461114946397,
        12.43517871030566,
        13.339219067325747,
        15.595862826958882,
        16.332142757225053,
        18.346130235632998,
        19.444125586020746,
        19.26546634960178,
        9.975656630365151,
        5.007565144298122,
        4.842527784049572,
        4.674487013064345,
        4.555494455137017,
        4.6267614444128515,
        4.532881152599462,
        4.476878677375332,
        4.710679093895064,
        4.523767675960693,
        4.509222997899994,
        4.415619861519703,
        3.9715897044481197,
        4.039691473837815,
        3.9098513765938443,
        4.00249692917984,
        3.71096779110421,
        3.600416808830446,
        3.868950472650885,
        3.891021447478336,
        3.862664651263226,
        3.885482706042854,
        3.6795233917846777,
        3.762207490949326,
        3.6699959673259617,
        2.983681982700448,
        2.8356901701563824,
        3.0765276169017666,
        2.93203671669238,
        2.4507206803331028,
        1.2221380441013183,
        0.6374307647458946,
        0.7953035581343804,
        0.9204423369566817,
        0.9349202794954384,
        0.9026630566194317,
        1.101219893452744,
        1.0105428748619747,
        0.9809826682471494
    ],
    "time_stamp_us": [
        1485204,
        1576978,
        1684110,
        1888900,
        2174060,
        2727094,
        3722354,
        5471461,
        7383918,
        9346516,
        11164986,
        12172716,
        12585985,
        12879298,
        13104126,
        13279399,
        13432412,
        13562897,
        13684816,
        13792047,
        13876755,
        13911950,
        13938443,
        13972785,
        14026320,
        14106042,
        14190011,
        14277299,
        14365224,
        14451915,
        14541313,
        14623820,
        14711439,
        14799534,
        14888933,
        14983265,
        15079205,
        15177709,
        15277031,
        15382002,
        15490445,
        15589461,
        15688820,
        15790702,
        15890390,
        15994123,
        16097154,
        16203783,
        16334191,
        16467774,
        16593820,
        16722154,
        16869376,
        17118847,
        17530487,
        17882413,
        18222154,
        18570496,
        18905487,
        19222154,
        19552709,
        19882566
    ]
}