{
    "name": "quic_18",
    "flow_rate_mbps": [
        1.255084066080957,
        1.1697380118756242,
        1.4732386803329176,
        1.5072062800261667,
        1.4782062420637574,
        1.367079412250289,
        1.3937963321149156,
        1.3175659560062474,
        1.0801277054369711,
        1.1430109480455688,
        1.3824328453800718,
        1.5406215406215407,
        1.2767608073693346,
        1.026881938824294,
        1.0812056214792896,
        0.9528943746123943,
        0.9356227206561379,
        1.3113599999999999,
        1.29200266779846,
        1.397942618745216,
        1.178845140877743,
        1.2268285714285712,
        1.234526998196415,
        1.3305396470643014,
        1.1249195062598711,
        1.130100635235485,
        1.1140705220088085,
        1.0959322974097399,
        0.9840026775936751,
        1.3388741151934753,
        1.2250914560813357,
        1.4772119971031141,
        1.3872104671866192,
        1.4840312247551657,
        1.4685514471846997,
        0.9094642880401512,
        1.9964392668594542,
        1.129817437640473,
        1.3415820469174933,
        1.4045398693655824,
        1.4030145534235368,
        1.0927077188365022,
        1.0470409616678928,
        0.9699890809881259,
        0.9331210787526923,
        1.3074084143021538,
        1.2858162022148807,
        1.3386429296478488,
        1.2248827586206898,
        1.2364652769139586,
        1.2828811394787112,
        1.233839919691415,
        1.0512853255797965,
        1.255312937442454,
        1.1142781663213805,
        1.0532988774933376,
        1.0219527822958252,
        1.3064941571742237,
        1.2168580944377003,
        1.4893808095008287,
        1.3957584339586453,
        1.466574313861303,
        1.4798250272634768,
        1.4118824588238617,
        1.1206241843753135,
        1.1250454244425954
    ],
    "time_stamp_us": [
        1574415,
        1847474,
        2120807,
        2374083,
        2614082,
        2838527,
        3080807,
        3334141,
        3594087,
        3889141,
        4186363,
        4425252,
        4647474,
        4927445,
        5247474,
        5539141,
        5869696,
        6189141,
        6439141,
        6703029,
        6940807,
        7227474,
        7507474,
        7786363,
        8044087,
        8339141,
        8620454,
        8927422,
        9223068,
        9530807,
        9788773,
        10067322,
        10307580,
        10554141,
        10785624,
        11034141,
        11494799,
        11689141,
        11997474,
        12253029,
        12484974,
        12739141,
        13069696,
        13389141,
        13725252,
        14045622,
        14314141,
        14587474,
        14830807,
        15120807,
        15394141,
        15675252,
        15947203,
        16252612,
        16519790,
        16807474,
        17104666,
        17409001,
        17680445,
        17937461,
        18175756,
        18420807,
        18647474,
        18894141,
        19141918,
        19430807,
        19725252
    ]
}