{
    "name": "quic_25",
    "flow_rate_mbps": [
        4.909476972640519,
        3.3069085108480376,
        8.684476534296028,
        9.063955860224043,
        1.4390397836132085,
        0.39598545454545453,
        0.6267642985885611,
        3.177034809712867,
        7.802194405810539,
        5.918594659962447,
        3.0426099851705386,
        8.260802441432547,
        9.300730649433818,
        2.683976273610702,
        0.42085134138623137,
        0.7344276171724049,
        0.5916651119080687,
        0.5640057037265428,
        0.5310774573717734,
        0.5422260880701829,
        0.5762499497088863,
        1.9994755564537898,
        4.5546479910429145,
        5.206766689813947,
        5.264107467914007,
        5.136960165012247,
        5.145842355000691,
        5.367170986049014,
        6.481060530821578,
        7.313422162896575,
        7.106106893990938,
        7.466059839865149,
        7.314844459827802,
        7.549546205554172,
        7.0915990898767785,
        6.889891464706134,
        2.9898666770698212,
        2.8553641080016656,
        2.1500492634513253,
        0.896344388220431,
        0.678339754652977,
        0.7887942668341942,
        0.9388710113981535,
        0.940969338799081,
        0.9108756936770931,
        1.1141979612950932,
        1.0066488472039479,
        0.9670925400474659
    ],
    "time_stamp_us": [
        1466703,
        1548649,
        1660236,
        1710096,
        1859621,
        2214541,
        2764541,
        3181208,
        3326541,
        3378309,
        3441155,
        3552420,
        3608125,
        3676831,
        3914541,
        4431208,
        4865952,
        6023688,
        7441007,
        8976316,
        10475484,
        11867380,
        12649161,
        13048398,
        13395451,
        13742643,
        14052923,
        14378528,
        14690764,
        14942487,
        15194205,
        15419082,
        15656382,
        15887512,
        16108427,
        16345318,
        16508675,
        16611208,
        16743243,
        16909695,
        17205733,
        17592206,
        17914541,
        18247051,
        18587840,
        18914541,
        19222874,
        19536763,
        19859942
    ]
}