{
    "name": "quic_27",
    "flow_rate_mbps": [
        1.2583314952747757,
        1.1813142857142853,
        1.470469328529971,
        1.4852604780813414,
        1.4542139313077478,
        1.4423269236263894,
        1.3344943003442962,
        1.3210822313421493,
        1.0795938594950094,
        1.1648809352827967,
        1.2914788422352699,
        1.6506166925537218,
        1.260989783806407,
        1.0502977717306445,
        1.0096191856634604,
        1.0072979821794168,
        0.9112695245218374,
        1.3805921796705172,
        1.2789845410701632,
        1.2421084190013334,
        1.3001622889610975,
        1.1743172413793106,
        1.3475975684551307,
        1.216165733953772,
        1.03344,
        1.2870637430125487,
        1.1005407261179299,
        1.0644887834837995,
        1.007635459240454,
        1.3382591009090532,
        1.2151096445003307,
        1.4805333333333333,
        1.4204624392180212,
        1.4775212216774305,
        1.4264659692188746,
        0.9580758409854718,
        2.071043690153413,
        1.1537910305829613,
        1.345917924110858,
        1.5820916982691995,
        1.2747405190691221,
        1.0182672104807813,
        1.041094401651927,
        0.9768862370864796,
        0.9753005964055064,
        1.3200570281094124,
        1.2821891854726584,
        1.2618442088312372,
        1.3078239854999496,
        1.2012093374397181,
        1.2703454332552693,
        1.2659535115466207,
        1.0214426235990788,
        1.28808509004339,
        1.1006881017456633,
        1.0490524043521692,
        1.0543404991945922,
        1.2930588647116612,
        1.2602677750915439,
        1.459748302037555,
        1.376319745933071,
        1.5270095545144662,
        1.4106811213228718,
        1.327149205064552,
        1.1950285714285713,
        1.0841466476666872
    ],
    "time_stamp_us": [
        1582959,
        1877654,
        2157654,
        2407479,
        2647480,
        2875628,
        3120621,
        3370987,
        3634147,
        3935816,
        4214320,
        4470987,
        4677654,
        4969152,
        5282983,
        5586543,
        5915264,
        6237487,
        6498320,
        6760822,
        7014320,
        7290987,
        7580987,
        7838601,
        8114320,
        8414320,
        8666379,
        8957654,
        9260823,
        9570824,
        9835825,
        10110987,
        10350987,
        10592835,
        10824320,
        11072654,
        11606165,
        11780987,
        12075432,
        12321765,
        12544321,
        12824014,
        13147654,
        13442098,
        13780987,
        14104760,
        14369191,
        14630987,
        14889320,
        15147526,
        15430987,
        15704267,
        15969193,
        16272654,
        16533084,
        16824320,
        17122654,
        17438643,
        17704320,
        17987244,
        18227532,
        18464320,
        18702532,
        18953985,
        19210987,
        19490987,
        19797654
    ]
}