{
    "name": "quic_11",
    "flow_rate_mbps": [
        0.17076814530809425,
        0.15450755378167444,
        0.18357528256400088,
        0.19170089420752515,
        0.17299502188547627,
        0.20071999999999998,
        0.17701,
        0.19359,
        0.19341904633954507,
        0.17972999999999997,
        0.17672999999999997,
        0.18716,
        0.18025897374713293,
        0.17329423341958797,
        0.18464480604052294,
        0.1545749850840647,
        0.1619187315728281,
        0.18269134744349677,
        0.17624507999951258,
        0.18536999999999998,
        0.17555160707245013,
        0.15982812900731866
    ],
    "time_stamp_us": [
        1806580,
        2603122,
        3418409,
        4184961,
        4984999,
        5796953,
        6596953,
        7396953,
        8196953,
        8963620,
        9763620,
        10563620,
        11363620,
        12185016,
        12996953,
        13785494,
        14569890,
        15385262,
        16176323,
        16996953,
        17796953,
        18578125,
        19385242
    ]
}