{
    "name": "quic_12",
    "flow_rate_mbps": [
        1.2456272132203026,
        1.1813142857142853,
        1.4498545392822888,
        1.5333222092441183,
        1.4098605916354983,
        1.4422857142857144,
        1.3626965298638554,
        1.2944307692307693,
        1.1052063335794566,
        1.1959961341985368,
        1.2704680797075592,
        1.650790079359499,
        1.2263843474741452,
        1.0332205764546774,
        1.0349199763254397,
        0.976501852360942,
        0.9272608994966305,
        1.3513978028443798,
        1.3212057430654738,
        1.2512115312927143,
        1.2817095535887184,
        1.2162857142857142,
        1.296684333785283,
        1.2209153476604266,
        1.0500233784663073,
        1.2638199295915948,
        1.1098965872033204,
        1.0540292475991866,
        1.0288977365909564,
        1.344703446703513,
        1.211117510477453,
        1.4626625474769963,
        1.430782186206258,
        1.466574313861303,
        1.436106167424098,
        1.084554145915882,
        1.5322410328030793,
        1.11784,
        1.405247105840095,
        1.4725900151682718,
        1.2922157356489272,
        1.0686989364752972,
        1.0830815910996368,
        0.9463849429470402,
        0.9533309769731244,
        1.2660438424045204,
        1.301117149411553,
        1.383842255073787,
        1.1788492531377979,
        1.237759809514361,
        1.22343790098423,
        1.3130354523555117,
        1.1382021277689969,
        1.1573891963591456,
        1.0793892649582206,
        1.0703492700508361,
        1.0416654225760968,
        1.3402434070976186,
        1.158061326907679,
        1.460325329202169,
        1.4313819838742747,
        1.4645859367336405,
        1.4798250272634768,
        1.401727835502925,
        1.1239157118073413,
        1.1145301675846082
    ],
    "time_stamp_us": [
        1558285,
        1847174,
        2127174,
        2380507,
        2620227,
        2855507,
        3100507,
        3353840,
        3613840,
        3918565,
        4208285,
        4460507,
        4673840,
        4955507,
        5263840,
        5591618,
        5897174,
        6213840,
        6472174,
        6738234,
        7003807,
        7267174,
        7547174,
        7814903,
        8080507,
        8386344,
        8660459,
        8947174,
        9255507,
        9559164,
        9831105,
        10107174,
        10347027,
        10573840,
        10800507,
        11047174,
        11487318,
        11722174,
        12022174,
        12269396,
        12498163,
        12763840,
        13091618,
        13392190,
        13724951,
        14030507,
        14313840,
        14574951,
        14807174,
        15093840,
        15376066,
        15652729,
        15913840,
        16205507,
        16489726,
        16775873,
        17088840,
        17390265,
        17656157,
        17922174,
        18180374,
        18419371,
        18653840,
        18900507,
        19147174,
        19438840,
        19736063
    ]
}