{
    "name": "quic_4",
    "flow_rate_mbps": [
        4.833169636593237,
        3.326709113724032,
        6.680886058460911,
        5.030797833643198,
        0.310010764262648,
        0.5204048362810368,
        0.40748228092783506,
        0.4339260675834578,
        0.42664547100577443,
        0.43628541844247526,
        1.0922945618039932,
        3.8937332367509154,
        6.1911034439408015,
        7.782443011266739,
        11.382338431179083,
        12.028053912301031,
        14.138397043853251,
        14.94807462867221,
        17.475571602590506,
        17.425823537610928,
        20.58923856110125,
        19.98554505205217,
        20.199566977313378,
        6.256774193548387,
        4.968064,
        4.972313610365947,
        4.852229330349541,
        4.558797812933537,
        4.542608304770467,
        4.610204892445655,
        4.588955105284068,
        4.477051540454938,
        4.706855110085569,
        4.591541967810163,
        4.402249055212462,
        4.182191111834608,
        4.039637871082941,
        4.030188042836664,
        3.828379915256796,
        3.9486399999999997,
        3.492638438887504,
        3.7241879000120757,
        3.967747700394218,
        3.825994108281773,
        3.8583069595297927,
        3.9139999999999997,
        3.7342074349160637,
        3.787658837494406,
        3.336875293953699,
        2.889285553572232,
        2.8867064402631177,
        3.0600483240631133,
        2.8219411786522275,
        1.8175384533645034,
        0.813234573594259,
        0.7184716056835708,
        0.8174712772988708,
        0.9574300851398296,
        0.9094809094809096,
        0.9998276923076923,
        1.1034303820868994,
        0.9455563383122869,
        1.0044634004216282
    ],
    "time_stamp_us": [
        1484603,
        1570127,
        1677712,
        1829711,
        2077131,
        2629886,
        3369049,
        5355609,
        7176380,
        9108851,
        10856881,
        12081276,
        12540987,
        12827345,
        13044888,
        13223264,
        13370837,
        13495594,
        13611260,
        13725369,
        13789938,
        13813039,
        13854824,
        13876070,
        13919470,
        13981970,
        14060998,
        14143220,
        14228997,
        14317982,
        14406077,
        14494172,
        14580997,
        14664205,
        14752618,
        14839410,
        14931555,
        15027322,
        15122194,
        15221553,
        15321553,
        15429886,
        15537539,
        15632664,
        15737557,
        15832664,
        15932664,
        16038220,
        16140998,
        16255812,
        16389146,
        16519886,
        16643220,
        16778035,
        16966250,
        17313220,
        17674331,
        18029886,
        18363220,
        18696553,
        19021553,
        19329886,
        19652109,
        19979886
    ]
}